Timestamp,Image,Name,Confidence
2025-06-28 22:27:18,amylea10.jpg,amylea,80.99
2025-06-28 22:27:19,amylea3.jpg,amylea,59.69
2025-06-28 22:27:21,amylea6.jpg,Anastassia,65.88
2025-06-28 22:27:21,amylea6.jpg,amylea,69.21
2025-06-28 22:27:21,amylea6.jpg,amylea,76.21
2025-06-28 22:27:21,amylea6.jpg,Anastassia,51.99
2025-06-28 22:27:22,amylea6.jpg,amylea,63.53
2025-06-28 22:27:22,amylea6.jpg,amylea,71.15
2025-06-28 22:27:23,amylea8.jpg,amylea,67.74
2025-06-28 22:27:24,amylea9.jpg,amylea,77.29
2025-06-28 22:27:24,amylea9.jpg,Anastassia,47.04
2025-06-28 22:27:25,Anastassia10.jpg,amylea,69.83
2025-06-28 22:27:25,Anastassia3.jpg,amylea,68.95
2025-06-28 22:27:26,Anastassia4.jpg,amylea,66.24
2025-06-28 22:27:27,Anastassia5.jpg,amylea,59.18
2025-06-28 22:27:27,Anastassia5.jpg,amylea,51.62
2025-06-28 22:27:28,Anastassia6.jpg,amylea,60.4
2025-06-28 22:27:29,Anastassia7.jpg,amylea,51.42
2025-06-28 22:27:30,Anastassia8.jpg,amylea,40.84
2025-06-28 22:27:30,Anastassia8.jpg,amylea,35.11
2025-06-28 22:27:30,Anastassia8.jpg,amylea,50.95
2025-06-28 22:27:30,Anastassia8.jpg,amylea,46.56
2025-06-28 22:27:30,Anastassia8.jpg,Anastassia,53.87
2025-06-28 22:27:30,Anastassia8.jpg,amylea,56.75
2025-06-28 22:27:30,Anastassia8.jpg,amylea,48.08
2025-06-28 22:27:31,Anastassia8.jpg,Anastassia,65.96
2025-06-28 22:27:31,Anastassia8.jpg,amylea,69.99
2025-06-28 22:27:31,Anastassia9.jpg,amylea,87.86
2025-06-28 22:27:32,Anastassia9.jpg,Anastassia,33.74
2025-06-28 22:27:32,Edda10.jpg,amylea,55.05
2025-06-28 22:27:33,Edda10.jpg,amylea,56.09
2025-06-28 22:27:33,Edda3.jpg,amylea,87.32
2025-06-28 22:27:34,Edda4.jpg,amylea,80.95
2025-06-28 22:27:35,Edda5.jpg,amylea,76.76
2025-06-28 22:27:36,Edda6.jpg,amylea,59.69
2025-06-28 22:27:37,Edda7.jpg,amylea,84.0
2025-06-28 22:27:37,Edda7.jpg,amylea,82.24
2025-06-28 22:27:37,Edda8.jpg,amylea,43.54
2025-06-28 22:27:38,Edda9.jpg,amylea,82.24
2025-06-28 22:27:39,Esther10.jpg,amylea,79.24
2025-06-28 22:27:40,Esther3.jpg,amylea,74.44
2025-06-28 22:27:41,Esther4.jpg,amylea,66.52
2025-06-28 22:27:41,Esther4.jpg,amylea,70.81
2025-06-28 22:27:42,Esther5.jpg,amylea,25.07
2025-06-28 22:27:42,Esther5.jpg,amylea,74.29
2025-06-28 22:27:42,Esther6.jpg,amylea,60.06
2025-06-28 22:27:43,Esther7.jpg,amylea,54.95
2025-06-28 22:27:44,Esther8.jpg,amylea,70.77
2025-06-28 22:27:45,Esther9.jpg,amylea,75.94
2025-06-28 22:27:45,Kimberly10.jpg,amylea,75.42
2025-06-28 22:27:46,Kimberly3.jpg,amylea,93.63
2025-06-28 22:27:47,Kimberly4.jpg,Anastassia,31.76
2025-06-28 22:27:47,Kimberly4.jpg,amylea,88.82
2025-06-28 22:27:48,Kimberly5.jpg,amylea,65.49
2025-06-28 22:27:48,Kimberly6.jpg,amylea,72.15
2025-06-28 22:27:49,Kimberly7.jpg,amylea,82.43
2025-06-28 22:27:50,Kimberly8.jpg,amylea,64.47
2025-06-28 22:27:50,Kimberly8.jpg,amylea,40.7
2025-06-28 22:27:51,Kimberly9.jpg,amylea,53.12
2025-06-28 22:27:51,Kimberly9.jpg,amylea,77.44
2025-06-28 22:27:52,Roshini3.jpg,amylea,60.72
2025-06-28 22:27:52,Roshini3.jpg,amylea,71.51
2025-06-28 22:27:53,Roshini4.jpg,amylea,76.65
2025-06-28 22:27:53,Roshini4.jpg,amylea,89.38
2025-06-28 22:27:53,Roshini4.jpg,amylea,83.65
2025-06-28 22:27:54,Roshini5.jpg,Anastassia,47.33
2025-06-28 22:27:54,Roshini5.jpg,amylea,75.51
2025-06-28 22:27:55,amylea1.jpg,amylea,85.72
2025-06-28 22:27:56,amylea3.jpg,amylea,59.69
2025-06-28 22:27:58,amylea6.jpg,Anastassia,65.88
2025-06-28 22:27:58,amylea6.jpg,amylea,69.21
2025-06-28 22:27:58,amylea6.jpg,amylea,47.01
2025-06-28 22:27:59,amylea6.jpg,amylea,76.52
2025-06-28 22:27:59,amylea6.jpg,Anastassia,51.99
2025-06-28 22:27:59,amylea6.jpg,amylea,71.15
2025-06-28 22:28:00,Anastassia1.jpg,amylea,65.84
2025-06-28 22:28:00,Anastassia1.jpg,amylea,39.58
2025-06-28 22:28:00,Anastassia1.jpg,amylea,64.28
2025-06-28 22:28:01,Anastassia2.jpg,amylea,82.23
2025-06-28 22:28:01,Anastassia2.jpg,amylea,25.82
2025-06-28 22:28:01,Anastassia2.jpg,amylea,27.55
2025-06-28 22:28:01,Anastassia2.jpg,Anastassia,23.74
2025-06-28 22:28:02,Anastassia3.jpg,amylea,68.95
2025-06-28 22:28:02,Anastassia4.jpg,amylea,66.24
2025-06-28 22:28:03,Anastassia5.jpg,amylea,59.18
2025-06-28 22:28:03,Anastassia5.jpg,amylea,51.62
2025-06-28 22:28:04,Anastassia6.jpg,amylea,60.4
2025-06-28 22:28:05,Anastassia7.jpg,amylea,51.42
2025-06-28 22:28:06,Edda1.jpg,amylea,55.93
2025-06-28 22:28:06,Edda1.jpg,amylea,41.89
2025-06-28 22:28:06,Edda1.jpg,amylea,50.17
2025-06-28 22:28:07,Edda2.jpg,amylea,57.72
2025-06-28 22:28:08,Esther1.jpg,amylea,50.86
2025-06-28 22:28:08,Esther2.jpg,amylea,51.74
2025-06-28 22:28:09,Kimberly1.jpg,amylea,71.27
2025-06-28 22:28:09,Kimberly1.jpg,Kimberly,36.56
2025-06-28 22:28:10,Kimberly2.jpg,amylea,61.42
2025-06-28 22:28:11,Roshini1.jpg,amylea,69.49
2025-06-28 22:28:12,Roshini2.jpg,amylea,57.1
2025-06-28 22:28:12,Roshini2.jpg,amylea,55.83
2025-06-28 22:28:12,Roshini2.jpg,amylea,49.95
2025-06-28 22:28:12,Roshini2.jpg,Anastassia,32.26
2025-06-28 22:28:12,Roshini2.jpg,amylea,63.91
2025-06-28 22:28:12,Roshini2.jpg,amylea,58.81
2025-06-28 22:28:13,Roshini3.jpg,amylea,60.72
2025-06-28 22:28:13,Roshini3.jpg,amylea,71.51
